{
  "type": "minecraft:block",
  "pools": [
    {
      "rolls": 1,
      "bonus_rolls": 0,
      "entries": [
        {
          "type": "minecraft:item",
          "name": "minecraft:nether_wart",
          "functions": [
            {
              "function": "minecraft:set_count",
              "count": {
                "type": "minecraft:uniform",
                "min": 2,
                "max": 4
              },
              "add": false,
              "conditions": [
                {
                  "condition": "minecraft:block_state_property",
                  "block": "minecraft:nether_wart",
                  "properties": {
                    "age": "3"
                  }
                }
              ]
            },
            {
              "function": "minecraft:apply_bonus",
              "enchantment": "minecraft:fortune",
              "formula": "minecraft:uniform_bonus_count",
              "parameters": {
                "bonusMultiplier": 1
              },
              "conditions": [
                {
                  "condition": "minecraft:value_check",
                  "value": {
                    "type": "minecraft:score",
                    "target": {
                      "type": "minecraft:fixed",
                      "name": "CM.global"
                    },
                    "score": "CM_NoFortuneDrops"
                  },
                  "range": 0
                },
                {
                  "condition": "minecraft:block_state_property",
                  "block": "minecraft:nether_wart",
                  "properties": {
                    "age": "3"
                  }
                }
              ]
            }
          ]
        }
      ],
      "functions": [
        {
          "function": "minecraft:explosion_decay"
        }
      ]
    }
  ],
  "random_sequence": "minecraft:blocks/nether_wart"
}
