{
  "type": "minecraft:block",
  "pools": [
    {
      "rolls": 1,
      "bonus_rolls": 0,
      "entries": [
        {
          "type": "minecraft:item",
          "name": "minecraft:yellow_stained_glass_pane"
        }
      ],
      "conditions": [
        {
          "condition": "minecraft:match_tool",
          "predicate": {
            "predicates": {
              "minecraft:enchantments": [
                {
                  "enchantments": "minecraft:silk_touch",
                  "levels": {
                    "min": 1
                  }
                }
              ]
            }
          }
        },
        {
          "condition": "minecraft:value_check",
          "value": {
            "type": "minecraft:score",
            "target": {
              "type": "minecraft:fixed",
              "name": "CM.global"
            },
            "score": "CM_OldLikeStainedPaneDrops"
          },
          "range": 0
        }
      ]
    },
    {
      "rolls": 1,
      "entries": [
        {
          "type": "minecraft:item",
          "name": "minecraft:yellow_stained_glass_pane"
        }
      ],
      "conditions": [
        {
          "condition": "minecraft:value_check",
          "value": {
            "type": "minecraft:score",
            "target": {
              "type": "minecraft:fixed",
              "name": "CM.global"
            },
            "score": "CM_OldLikeStainedPaneDrops"
          },
          "range": 1
        }
      ]
    }
  ],
  "random_sequence": "minecraft:blocks/yellow_stained_glass_pane"
}
