{
  "criteria": {
    "requirement": {
      "trigger": "minecraft:player_hurt_entity",
      "conditions": {
        "player": [
          {
            "condition": "minecraft:entity_properties",
            "entity": "this",
            "predicate": {
              "stepping_on": {
                "block": {
                  "blocks": [
                    "minecraft:air"
                  ]
                }
              },
              "flags": {
                "is_sprinting": true
              }
            }
          }
        ]
      }
    }
  },
  "rewards": {
    "function": "classic_mechanics:old_crits"
  }
}
