{
  "condition": "minecraft:entity_properties",
  "entity": "this",
  "predicate": {
    "stepping_on": {
      "block": {
        "blocks": [
          "minecraft:cobblestone",
          "minecraft:stone",
          "minecraft:mossy_cobblestone",
          "minecraft:cobblestone_slab",
          "minecraft:stone_slab",
          "minecraft:smooth_stone",
          "minecraft:smooth_stone_slab",
          "minecraft:blackstone",
          "minecraft:blackstone_slab",
          "minecraft:diorite",
          "minecraft:diorite_slab",
          "minecraft:granite",
          "minecraft:granite_slab",
          "minecraft:andesite",
          "minecraft:andesite_slab",
          "minecraft:chiseled_polished_blackstone",
          "minecraft:polished_andesite",
          "minecraft:polished_basalt",
          "minecraft:polished_blackstone",
          "minecraft:polished_deepslate",
          "minecraft:polished_diorite",
          "minecraft:polished_granite",
          "minecraft:polished_blackstone_bricks",
          "minecraft:chiseled_deepslate",
          "minecraft:cobbled_deepslate",
          "minecraft:cobbled_deepslate_slab",
          "minecraft:deepslate",
          "minecraft:deepslate_bricks",
          "minecraft:deepslate_tiles",
          "minecraft:chiseled_red_sandstone",
          "minecraft:chiseled_sandstone",
          "minecraft:chiseled_stone_bricks",
          "minecraft:cracked_stone_bricks",
          "minecraft:end_stone",
          "minecraft:cut_red_sandstone",
          "minecraft:glowstone",
          "minecraft:mossy_cobblestone",
          "minecraft:end_stone_bricks",
          "minecraft:mossy_stone_bricks",
          "minecraft:stone_bricks",
          "minecraft:red_sandstone",
          "minecraft:sandstone",
          "minecraft:smooth_red_sandstone",
          "minecraft:smooth_sandstone"
        ]
      }
    }
  }
}
