{
  "criteria": {
    "requirement": {
      "trigger": "minecraft:tame_animal",
      "conditions": {
        "player": [
          {
            "condition": "minecraft:value_check",
            "value": {
              "type": "minecraft:score",
              "target": {
                "type": "minecraft:fixed",
                "name": "CM.global"
              },
              "score": "CM_OldCats"
            },
            "range": 1
          }
        ],
        "entity": [
          {
            "condition": "minecraft:entity_properties",
            "entity": "this",
            "predicate": {
              "type": "minecraft:ocelot"
            }
          }
        ]
      }
    }
  },
  "rewards": {
    "function": "classic_mechanics:cat"
  }
}
